{
  "timestamp": "20241203_160842",
  "summary": {
    "total_predictions": 334,
    "unique_cell_types": 33,
    "cell_types": [
      "cnidocyte",
      "gland_5",
      "neuron_5",
      "neuron_9",
      "gland_1",
      "digestive_filaments",
      "gland_9",
      "alga_hosting_cells",
      "mitotic_host_cells",
      "gland_2",
      "germline_sperm",
      "neuron_2",
      "epidermis_1",
      "immune_1",
      "gastrodermis_musclelike",
      "neuron_7",
      "neuron_8",
      "neuron_14",
      "gland_4",
      "unknown",
      "gland_7",
      "calicoblast",
      "gastrodermis",
      "gland_6",
      "neuron_12",
      "neuron_3",
      "neuron_1",
      "gland_3_digestive",
      "epidermis_2",
      "neuron_4",
      "neuron_11",
      "immune_2",
      "gland_10"
    ],
    "average_confidence": 0.21956229133304042,
    "predictions": [
      {
        "predicted_type": "cnidocyte",
        "species_pair": "PD-SP",
        "confidence": 0.05757776307081403,
        "features": [
          87,
          0.05757776307081403,
          87
        ],
        "enhanced_confidence": 0.45878888153540703
      },
      {
        "predicted_type": "cnidocyte",
        "species_pair": "PV-SP",
        "confidence": 0.056915949702183985,
        "features": [
          86,
          0.056915949702183985,
          86
        ],
        "enhanced_confidence": 0.45845797485109197
      },
      {
        "predicted_type": "gland_2",
        "species_pair": "PD-SP",
        "confidence": 0.030418250950570342,
        "features": [
          40,
          0.030418250950570342,
          40
        ],
        "enhanced_confidence": 0.4262091254752852
      },
      {
        "predicted_type": "neuron_12",
        "species_pair": "PV-SP",
        "confidence": 0.03574144486692015,
        "features": [
          47,
          0.03574144486692015,
          47
        ],
        "enhanced_confidence": 0.4187040557667933
      },
      {
        "predicted_type": "germline_sperm",
        "species_pair": "PD-SP",
        "confidence": 0.04106463878326996,
        "features": [
          54,
          0.04106463878326996,
          54
        ],
        "enhanced_confidence": 0.410532319391635
      },
      {
        "predicted_type": "cnidocyte",
        "species_pair": "PD-SP",
        "confidence": 0.04632693580410324,
        "features": [
          70,
          0.04632693580410324,
          70
        ],
        "enhanced_confidence": 0.4081634679020516
      },
      {
        "predicted_type": "gland_4",
        "species_pair": "PD-SP",
        "confidence": 0.01667344448962993,
        "features": [
          41,
          0.01667344448962993,
          41
        ],
        "enhanced_confidence": 0.393336722244815
      },
      {
        "predicted_type": "unknown",
        "species_pair": "PD-SP",
        "confidence": 0.03044341495698213,
        "features": [
          46,
          0.03044341495698213,
          46
        ],
        "enhanced_confidence": 0.39022170747849105
      },
      {
        "predicted_type": "germline_sperm",
        "species_pair": "PV-SP",
        "confidence": 0.044866920152091254,
        "features": [
          59,
          0.044866920152091254,
          59
        ],
        "enhanced_confidence": 0.3874334600760456
      },
      {
        "predicted_type": "neuron_12",
        "species_pair": "PV-SP",
        "confidence": 0.06722689075630252,
        "features": [
          24,
          0.06722689075630252,
          24
        ],
        "enhanced_confidence": 0.3786134453781512
      },
      {
        "predicted_type": "neuron_8",
        "species_pair": "PD-SP",
        "confidence": 0.032766990291262135,
        "features": [
          54,
          0.032766990291262135,
          54
        ],
        "enhanced_confidence": 0.3782168284789644
      },
      {
        "predicted_type": "epidermis_2",
        "species_pair": "PV-SP",
        "confidence": 0.041868932038834954,
        "features": [
          69,
          0.041868932038834954,
          69
        ],
        "enhanced_confidence": 0.37593446601941743
      },
      {
        "predicted_type": "epidermis_2",
        "species_pair": "PV-SP",
        "confidence": 0.08123249299719888,
        "features": [
          29,
          0.08123249299719888,
          29
        ],
        "enhanced_confidence": 0.3756162464985995
      },
      {
        "predicted_type": "neuron_11",
        "species_pair": "PD-SP",
        "confidence": 0.023574144486692015,
        "features": [
          31,
          0.023574144486692015,
          31
        ],
        "enhanced_confidence": 0.3734537389100127
      },
      {
        "predicted_type": "gastrodermis",
        "species_pair": "PV-SP",
        "confidence": 0.0625,
        "features": [
          103,
          0.0625,
          103
        ],
        "enhanced_confidence": 0.37125
      },
      {
        "predicted_type": "germline_sperm",
        "species_pair": "PD-SP",
        "confidence": 0.037014563106796114,
        "features": [
          61,
          0.037014563106796114,
          61
        ],
        "enhanced_confidence": 0.368507281553398
      },
      {
        "predicted_type": "gland_2",
        "species_pair": "PD-SP",
        "confidence": 0.04500330906684315,
        "features": [
          68,
          0.04500330906684315,
          68
        ],
        "enhanced_confidence": 0.36750165453342154
      },
      {
        "predicted_type": "gland_2",
        "species_pair": "PV-SP",
        "confidence": 0.029657794676806085,
        "features": [
          39,
          0.029657794676806085,
          39
        ],
        "enhanced_confidence": 0.364828897338403
      },
      {
        "predicted_type": "germline_sperm",
        "species_pair": "PD-SP",
        "confidence": 0.05029781601588352,
        "features": [
          76,
          0.05029781601588352,
          76
        ],
        "enhanced_confidence": 0.3601489080079418
      },
      {
        "predicted_type": "gland_3_digestive",
        "species_pair": "PD-SP",
        "confidence": 0.01911346075640504,
        "features": [
          47,
          0.01911346075640504,
          47
        ],
        "enhanced_confidence": 0.3595567303782025
      },
      {
        "predicted_type": "gland_6",
        "species_pair": "PD-SP",
        "confidence": 0.013956310679611651,
        "features": [
          23,
          0.013956310679611651,
          23
        ],
        "enhanced_confidence": 0.3594781553398058
      },
      {
        "predicted_type": "alga_hosting_cells",
        "species_pair": "PV-SP",
        "confidence": 0.07610853739245532,
        "features": [
          115,
          0.07610853739245532,
          115
        ],
        "enhanced_confidence": 0.3580542686962277
      },
      {
        "predicted_type": "germline_sperm",
        "species_pair": "PV-SP",
        "confidence": 0.023993493289955266,
        "features": [
          59,
          0.023993493289955266,
          59
        ],
        "enhanced_confidence": 0.3569967466449776
      },
      {
        "predicted_type": "germline_sperm",
        "species_pair": "PD-SP",
        "confidence": 0.053606882859033755,
        "features": [
          81,
          0.053606882859033755,
          81
        ],
        "enhanced_confidence": 0.3568034414295169
      },
      {
        "predicted_type": "gastrodermis_musclelike",
        "species_pair": "PV-SP",
        "confidence": 0.04854368932038835,
        "features": [
          80,
          0.04854368932038835,
          80
        ],
        "enhanced_confidence": 0.3542718446601942
      },
      {
        "predicted_type": "alga_hosting_cells",
        "species_pair": "PV-SP",
        "confidence": 0.03822815533980582,
        "features": [
          63,
          0.03822815533980582,
          63
        ],
        "enhanced_confidence": 0.35411407766990294
      },
      {
        "predicted_type": "gland_7",
        "species_pair": "PD-SP",
        "confidence": 0.036399735274652546,
        "features": [
          55,
          0.036399735274652546,
          55
        ],
        "enhanced_confidence": 0.3531998676373263
      },
      {
        "predicted_type": "neuron_11",
        "species_pair": "PV-SP",
        "confidence": 0.03337378640776699,
        "features": [
          55,
          0.03337378640776699,
          55
        ],
        "enhanced_confidence": 0.3516868932038835
      },
      {
        "predicted_type": "cnidocyte",
        "species_pair": "PD-SP",
        "confidence": 0.04201680672268908,
        "features": [
          15,
          0.04201680672268908,
          15
        ],
        "enhanced_confidence": 0.35100840336134453
      },
      {
        "predicted_type": "unknown",
        "species_pair": "PD-SP",
        "confidence": 0.05042016806722689,
        "features": [
          18,
          0.05042016806722689,
          18
        ],
        "enhanced_confidence": 0.3502100840336135
      },
      {
        "predicted_type": "gland_5",
        "species_pair": "PV-SP",
        "confidence": 0.019417475728155338,
        "features": [
          32,
          0.019417475728155338,
          32
        ],
        "enhanced_confidence": 0.3497087378640777
      },
      {
        "predicted_type": "neuron_9",
        "species_pair": "PV-SP",
        "confidence": 0.018810679611650484,
        "features": [
          31,
          0.018810679611650484,
          31
        ],
        "enhanced_confidence": 0.3494053398058253
      },
      {
        "predicted_type": "gland_5",
        "species_pair": "PD-SP",
        "confidence": 0.03772336201191264,
        "features": [
          57,
          0.03772336201191264,
          57
        ],
        "enhanced_confidence": 0.3488616810059563
      },
      {
        "predicted_type": "calicoblast",
        "species_pair": "PV-SP",
        "confidence": 0.02366504854368932,
        "features": [
          39,
          0.02366504854368932,
          39
        ],
        "enhanced_confidence": 0.3468325242718447
      },
      {
        "predicted_type": "unknown",
        "species_pair": "PD-SP",
        "confidence": 0.028897338403041824,
        "features": [
          38,
          0.028897338403041824,
          38
        ],
        "enhanced_confidence": 0.34444866920152095
      },
      {
        "predicted_type": "neuron_9",
        "species_pair": "PD-SP",
        "confidence": 0.02669902912621359,
        "features": [
          44,
          0.02669902912621359,
          44
        ],
        "enhanced_confidence": 0.3433495145631068
      },
      {
        "predicted_type": "immune_1",
        "species_pair": "PD-SP",
        "confidence": 0.03172021146807645,
        "features": [
          78,
          0.03172021146807645,
          78
        ],
        "enhanced_confidence": 0.34086010573403824
      },
      {
        "predicted_type": "neuron_12",
        "species_pair": "PV-SP",
        "confidence": 0.043689320388349516,
        "features": [
          72,
          0.043689320388349516,
          72
        ],
        "enhanced_confidence": 0.33984466019417475
      },
      {
        "predicted_type": "neuron_2",
        "species_pair": "PV-SP",
        "confidence": 0.017486783245221633,
        "features": [
          43,
          0.017486783245221633,
          43
        ],
        "enhanced_confidence": 0.33874339162261086
      },
      {
        "predicted_type": "gland_2",
        "species_pair": "PD-SP",
        "confidence": 0.036600244001626675,
        "features": [
          90,
          0.036600244001626675,
          90
        ],
        "enhanced_confidence": 0.33830012200081333
      },
      {
        "predicted_type": "gland_7",
        "species_pair": "PD-SP",
        "confidence": 0.019926799511996746,
        "features": [
          49,
          0.019926799511996746,
          49
        ],
        "enhanced_confidence": 0.33496339975599837
      },
      {
        "predicted_type": "unknown",
        "species_pair": "PD-SP",
        "confidence": 0.027305825242718445,
        "features": [
          45,
          0.027305825242718445,
          45
        ],
        "enhanced_confidence": 0.3344862459546925
      },
      {
        "predicted_type": "immune_1",
        "species_pair": "PV-SP",
        "confidence": 0.03700691337942253,
        "features": [
          91,
          0.03700691337942253,
          91
        ],
        "enhanced_confidence": 0.33350345668971126
      },
      {
        "predicted_type": "cnidocyte",
        "species_pair": "PD-SP",
        "confidence": 0.044902912621359224,
        "features": [
          74,
          0.044902912621359224,
          74
        ],
        "enhanced_confidence": 0.3324514563106796
      },
      {
        "predicted_type": "neuron_11",
        "species_pair": "FL-SP",
        "confidence": 0.011250827266710787,
        "features": [
          17,
          0.011250827266710787,
          17
        ],
        "enhanced_confidence": 0.3323396993476412
      },
      {
        "predicted_type": "germline_sperm",
        "species_pair": "PV-SP",
        "confidence": 0.03361344537815126,
        "features": [
          12,
          0.03361344537815126,
          12
        ],
        "enhanced_confidence": 0.33180672268907563
      },
      {
        "predicted_type": "neuron_14",
        "species_pair": "PV-SP",
        "confidence": 0.013349514563106795,
        "features": [
          22,
          0.013349514563106795,
          22
        ],
        "enhanced_confidence": 0.33167475728155343
      },
      {
        "predicted_type": "germline_sperm",
        "species_pair": "PV-SP",
        "confidence": 0.03309066843150232,
        "features": [
          50,
          0.03309066843150232,
          50
        ],
        "enhanced_confidence": 0.33154533421575116
      },
      {
        "predicted_type": "neuron_3",
        "species_pair": "PD-SP",
        "confidence": 0.021553477023180154,
        "features": [
          53,
          0.021553477023180154,
          53
        ],
        "enhanced_confidence": 0.33077673851159006
      },
      {
        "predicted_type": "gland_5",
        "species_pair": "PD-SP",
        "confidence": 0.03944692964619764,
        "features": [
          97,
          0.03944692964619764,
          97
        ],
        "enhanced_confidence": 0.32972346482309883
      },
      {
        "predicted_type": "germline_sperm",
        "species_pair": "PD-SP",
        "confidence": 0.04920699471329809,
        "features": [
          121,
          0.04920699471329809,
          121
        ],
        "enhanced_confidence": 0.32960349735664907
      },
      {
        "predicted_type": "neuron_5",
        "species_pair": "PD-SP",
        "confidence": 0.026026840178934526,
        "features": [
          64,
          0.026026840178934526,
          64
        ],
        "enhanced_confidence": 0.32801342008946727
      },
      {
        "predicted_type": "alga_hosting_cells",
        "species_pair": "PD-SP",
        "confidence": 0.011406844106463879,
        "features": [
          15,
          0.011406844106463879,
          15
        ],
        "enhanced_confidence": 0.3269355649103748
      },
      {
        "predicted_type": "alga_hosting_cells",
        "species_pair": "PV-SP",
        "confidence": 0.011406844106463879,
        "features": [
          15,
          0.011406844106463879,
          15
        ],
        "enhanced_confidence": 0.3269355649103748
      },
      {
        "predicted_type": "germline_sperm",
        "species_pair": "SP-SP",
        "confidence": 0.011406844106463879,
        "features": [
          15,
          0.011406844106463879,
          15
        ],
        "enhanced_confidence": 0.3269355649103748
      },
      {
        "predicted_type": "neuron_5",
        "species_pair": "PD-SP",
        "confidence": 0.02382528127068167,
        "features": [
          36,
          0.02382528127068167,
          36
        ],
        "enhanced_confidence": 0.3269126406353408
      },
      {
        "predicted_type": "gland_2",
        "species_pair": "PD-SP",
        "confidence": 0.04301786896095301,
        "features": [
          65,
          0.04301786896095301,
          65
        ],
        "enhanced_confidence": 0.3265089344804765
      },
      {
        "predicted_type": "neuron_9",
        "species_pair": "PD-SP",
        "confidence": 0.03176704169424222,
        "features": [
          48,
          0.03176704169424222,
          48
        ],
        "enhanced_confidence": 0.32588352084712113
      },
      {
        "predicted_type": "gland_2",
        "species_pair": "PV-SP",
        "confidence": 0.03033980582524272,
        "features": [
          50,
          0.03033980582524272,
          50
        ],
        "enhanced_confidence": 0.3251699029126214
      },
      {
        "predicted_type": "neuron_12",
        "species_pair": "PD-SP",
        "confidence": 0.03970880211780278,
        "features": [
          60,
          0.03970880211780278,
          60
        ],
        "enhanced_confidence": 0.3248544010589014
      },
      {
        "predicted_type": "gland_3_digestive",
        "species_pair": "PD-SP",
        "confidence": 0.022813688212927757,
        "features": [
          30,
          0.022813688212927757,
          30
        ],
        "enhanced_confidence": 0.32390684410646386
      },
      {
        "predicted_type": "gland_5",
        "species_pair": "PV-SP",
        "confidence": 0.018530774321641297,
        "features": [
          28,
          0.018530774321641297,
          28
        ],
        "enhanced_confidence": 0.32276538716082065
      },
      {
        "predicted_type": "neuron_7",
        "species_pair": "PD-SP",
        "confidence": 0.02480683204554697,
        "features": [
          61,
          0.02480683204554697,
          61
        ],
        "enhanced_confidence": 0.3224034160227735
      },
      {
        "predicted_type": "gland_5",
        "species_pair": "PD-SP",
        "confidence": 0.03216019417475728,
        "features": [
          53,
          0.03216019417475728,
          53
        ],
        "enhanced_confidence": 0.3210800970873786
      },
      {
        "predicted_type": "epidermis_2",
        "species_pair": "PV-SP",
        "confidence": 0.019520130134200894,
        "features": [
          48,
          0.019520130134200894,
          48
        ],
        "enhanced_confidence": 0.3197600650671004
      },
      {
        "predicted_type": "neuron_2",
        "species_pair": "PD-SP",
        "confidence": 0.03762135922330097,
        "features": [
          62,
          0.03762135922330097,
          62
        ],
        "enhanced_confidence": 0.3188106796116505
      },
      {
        "predicted_type": "gland_3_digestive",
        "species_pair": "PV-SP",
        "confidence": 0.015776699029126214,
        "features": [
          26,
          0.015776699029126214,
          26
        ],
        "enhanced_confidence": 0.3187216828478964
      },
      {
        "predicted_type": "gland_10",
        "species_pair": "PD-SP",
        "confidence": 0.01786896095301125,
        "features": [
          27,
          0.01786896095301125,
          27
        ],
        "enhanced_confidence": 0.31799400428602936
      },
      {
        "predicted_type": "gland_10",
        "species_pair": "PD-SP",
        "confidence": 0.01786896095301125,
        "features": [
          27,
          0.01786896095301125,
          27
        ],
        "enhanced_confidence": 0.31799400428602936
      },
      {
        "predicted_type": "calicoblast",
        "species_pair": "PV-SP",
        "confidence": 0.01786896095301125,
        "features": [
          27,
          0.01786896095301125,
          27
        ],
        "enhanced_confidence": 0.31799400428602936
      },
      {
        "predicted_type": "gland_2",
        "species_pair": "PD-SP",
        "confidence": 0.03519417475728155,
        "features": [
          58,
          0.03519417475728155,
          58
        ],
        "enhanced_confidence": 0.3175970873786408
      },
      {
        "predicted_type": "neuron_8",
        "species_pair": "PD-SP",
        "confidence": 0.034220532319391636,
        "features": [
          45,
          0.034220532319391636,
          45
        ],
        "enhanced_confidence": 0.3171102661596958
      },
      {
        "predicted_type": "unknown",
        "species_pair": "PD-SP",
        "confidence": 0.032533550223668155,
        "features": [
          80,
          0.032533550223668155,
          80
        ],
        "enhanced_confidence": 0.31626677511183404
      },
      {
        "predicted_type": "epidermis_1",
        "species_pair": "PV-SP",
        "confidence": 0.058823529411764705,
        "features": [
          21,
          0.058823529411764705,
          21
        ],
        "enhanced_confidence": 0.31441176470588234
      },
      {
        "predicted_type": "gland_1",
        "species_pair": "PD-SP",
        "confidence": 0.01708011386742578,
        "features": [
          42,
          0.01708011386742578,
          42
        ],
        "enhanced_confidence": 0.3135400569337129
      },
      {
        "predicted_type": "neuron_11",
        "species_pair": "PV-SP",
        "confidence": 0.01596958174904943,
        "features": [
          21,
          0.01596958174904943,
          21
        ],
        "enhanced_confidence": 0.3129847908745247
      },
      {
        "predicted_type": "epidermis_1",
        "species_pair": "PV-SP",
        "confidence": 0.012135922330097087,
        "features": [
          20,
          0.012135922330097087,
          20
        ],
        "enhanced_confidence": 0.31106796116504853
      },
      {
        "predicted_type": "gland_7",
        "species_pair": "PD-SP",
        "confidence": 0.026092233009708737,
        "features": [
          43,
          0.026092233009708737,
          43
        ],
        "enhanced_confidence": 0.30554611650485436
      },
      {
        "predicted_type": "calicoblast",
        "species_pair": "PV-SP",
        "confidence": 0.060836501901140684,
        "features": [
          80,
          0.060836501901140684,
          80
        ],
        "enhanced_confidence": 0.30541825095057035
      },
      {
        "predicted_type": "neuron_11",
        "species_pair": "PD-SP",
        "confidence": 0.027246848312322082,
        "features": [
          67,
          0.027246848312322082,
          67
        ],
        "enhanced_confidence": 0.303623424156161
      },
      {
        "predicted_type": "immune_2",
        "species_pair": "PV-SP",
        "confidence": 0.027796161482461945,
        "features": [
          42,
          0.027796161482461945,
          42
        ],
        "enhanced_confidence": 0.3034814140745643
      },
      {
        "predicted_type": "neuron_2",
        "species_pair": "PV-SP",
        "confidence": 0.01654533421575116,
        "features": [
          25,
          0.01654533421575116,
          25
        ],
        "enhanced_confidence": 0.30327266710787554
      },
      {
        "predicted_type": "neuron_8",
        "species_pair": "PV-SP",
        "confidence": 0.015860105734038225,
        "features": [
          39,
          0.015860105734038225,
          39
        ],
        "enhanced_confidence": 0.3029300528670191
      },
      {
        "predicted_type": "gland_5",
        "species_pair": "PV-SP",
        "confidence": 0.014640097600650671,
        "features": [
          36,
          0.014640097600650671,
          36
        ],
        "enhanced_confidence": 0.3023200488003253
      },
      {
        "predicted_type": "neuron_12",
        "species_pair": "PD-SP",
        "confidence": 0.03441429516876241,
        "features": [
          52,
          0.03441429516876241,
          52
        ],
        "enhanced_confidence": 0.30220714758438116
      },
      {
        "predicted_type": "unknown",
        "species_pair": "PV-SP",
        "confidence": 0.0412621359223301,
        "features": [
          68,
          0.0412621359223301,
          68
        ],
        "enhanced_confidence": 0.29563106796116506
      },
      {
        "predicted_type": "neuron_11",
        "species_pair": "PD-SP",
        "confidence": 0.02911978821972204,
        "features": [
          44,
          0.02911978821972204,
          44
        ],
        "enhanced_confidence": 0.29205989410986105
      },
      {
        "predicted_type": "neuron_7",
        "species_pair": "PV-SP",
        "confidence": 0.02129277566539924,
        "features": [
          28,
          0.02129277566539924,
          28
        ],
        "enhanced_confidence": 0.28750353068984247
      },
      {
        "predicted_type": "neuron_9",
        "species_pair": "PV-SP",
        "confidence": 0.02129277566539924,
        "features": [
          28,
          0.02129277566539924,
          28
        ],
        "enhanced_confidence": 0.28750353068984247
      },
      {
        "predicted_type": "neuron_8",
        "species_pair": "PD-SP",
        "confidence": 0.042356055592322965,
        "features": [
          64,
          0.042356055592322965,
          64
        ],
        "enhanced_confidence": 0.28117802779616147
      },
      {
        "predicted_type": "immune_1",
        "species_pair": "FL-SP",
        "confidence": 0.021960146400976006,
        "features": [
          54,
          0.021960146400976006,
          54
        ],
        "enhanced_confidence": 0.280980073200488
      },
      {
        "predicted_type": "gastrodermis",
        "species_pair": "FL-SP",
        "confidence": 0.01516990291262136,
        "features": [
          25,
          0.01516990291262136,
          25
        ],
        "enhanced_confidence": 0.2725849514563107
      },
      {
        "predicted_type": "immune_1",
        "species_pair": "PD-SP",
        "confidence": 0.022053231939163497,
        "features": [
          29,
          0.022053231939163497,
          29
        ],
        "enhanced_confidence": 0.27083613977910553
      },
      {
        "predicted_type": "neuron_14",
        "species_pair": "PD-SP",
        "confidence": 0.022053231939163497,
        "features": [
          29,
          0.022053231939163497,
          29
        ],
        "enhanced_confidence": 0.27083613977910553
      },
      {
        "predicted_type": "neuron_8",
        "species_pair": "PD-SP",
        "confidence": 0.0357379219060225,
        "features": [
          54,
          0.0357379219060225,
          54
        ],
        "enhanced_confidence": 0.26934515142920173
      },
      {
        "predicted_type": "gland_5",
        "species_pair": "PD-SP",
        "confidence": 0.0357379219060225,
        "features": [
          54,
          0.0357379219060225,
          54
        ],
        "enhanced_confidence": 0.26934515142920173
      },
      {
        "predicted_type": "immune_1",
        "species_pair": "PD-SP",
        "confidence": 0.037061548643282594,
        "features": [
          56,
          0.037061548643282594,
          56
        ],
        "enhanced_confidence": 0.26519744098830805
      },
      {
        "predicted_type": "unknown",
        "species_pair": "PD-SP",
        "confidence": 0.037061548643282594,
        "features": [
          56,
          0.037061548643282594,
          56
        ],
        "enhanced_confidence": 0.26519744098830805
      },
      {
        "predicted_type": "cnidocyte",
        "species_pair": "PD-SP",
        "confidence": 0.03650190114068441,
        "features": [
          48,
          0.03650190114068441,
          48
        ],
        "enhanced_confidence": 0.26475095057034226
      },
      {
        "predicted_type": "neuron_12",
        "species_pair": "PD-SP",
        "confidence": 0.03650190114068441,
        "features": [
          48,
          0.03650190114068441,
          48
        ],
        "enhanced_confidence": 0.26475095057034226
      },
      {
        "predicted_type": "gland_1",
        "species_pair": "PD-SP",
        "confidence": 0.020516214427531435,
        "features": [
          31,
          0.020516214427531435,
          31
        ],
        "enhanced_confidence": 0.261841440547099
      },
      {
        "predicted_type": "neuron_11",
        "species_pair": "PV-SP",
        "confidence": 0.020516214427531435,
        "features": [
          31,
          0.020516214427531435,
          31
        ],
        "enhanced_confidence": 0.261841440547099
      },
      {
        "predicted_type": "neuron_5",
        "species_pair": "PD-SP",
        "confidence": 0.020024271844660196,
        "features": [
          33,
          0.020024271844660196,
          33
        ],
        "enhanced_confidence": 0.26163713592233007
      },
      {
        "predicted_type": "neuron_7",
        "species_pair": "PD-SP",
        "confidence": 0.020024271844660196,
        "features": [
          33,
          0.020024271844660196,
          33
        ],
        "enhanced_confidence": 0.26163713592233007
      },
      {
        "predicted_type": "neuron_11",
        "species_pair": "PD-SP",
        "confidence": 0.025810721376571807,
        "features": [
          39,
          0.025810721376571807,
          39
        ],
        "enhanced_confidence": 0.2612386940216193
      },
      {
        "predicted_type": "neuron_5",
        "species_pair": "PD-SP",
        "confidence": 0.025810721376571807,
        "features": [
          39,
          0.025810721376571807,
          39
        ],
        "enhanced_confidence": 0.2612386940216193
      },
      {
        "predicted_type": "neuron_12",
        "species_pair": "PD-SP",
        "confidence": 0.029686864579097194,
        "features": [
          73,
          0.029686864579097194,
          73
        ],
        "enhanced_confidence": 0.25828390848002486
      },
      {
        "predicted_type": "neuron_9",
        "species_pair": "PD-SP",
        "confidence": 0.029686864579097194,
        "features": [
          73,
          0.029686864579097194,
          73
        ],
        "enhanced_confidence": 0.25828390848002486
      },
      {
        "predicted_type": "gland_1",
        "species_pair": "PD-SP",
        "confidence": 0.01985440105890139,
        "features": [
          30,
          0.01985440105890139,
          30
        ],
        "enhanced_confidence": 0.25617720052945075
      },
      {
        "predicted_type": "gland_9",
        "species_pair": "PD-SP",
        "confidence": 0.01985440105890139,
        "features": [
          30,
          0.01985440105890139,
          30
        ],
        "enhanced_confidence": 0.25617720052945075
      },
      {
        "predicted_type": "gland_6",
        "species_pair": "PV-SP",
        "confidence": 0.012742718446601941,
        "features": [
          21,
          0.012742718446601941,
          21
        ],
        "enhanced_confidence": 0.2555380258899676
      },
      {
        "predicted_type": "neuron_2",
        "species_pair": "PV-SP",
        "confidence": 0.012742718446601941,
        "features": [
          21,
          0.012742718446601941,
          21
        ],
        "enhanced_confidence": 0.2555380258899676
      },
      {
        "predicted_type": "gland_9",
        "species_pair": "PD-SP",
        "confidence": 0.014448669201520912,
        "features": [
          19,
          0.014448669201520912,
          19
        ],
        "enhanced_confidence": 0.25459843272485866
      },
      {
        "predicted_type": "mitotic_host_cells",
        "species_pair": "PD-SP",
        "confidence": 0.014448669201520912,
        "features": [
          19,
          0.014448669201520912,
          19
        ],
        "enhanced_confidence": 0.25459843272485866
      },
      {
        "predicted_type": "gland_3_digestive",
        "species_pair": "PV-SP",
        "confidence": 0.014448669201520912,
        "features": [
          19,
          0.014448669201520912,
          19
        ],
        "enhanced_confidence": 0.25459843272485866
      },
      {
        "predicted_type": "gland_9",
        "species_pair": "PV-SP",
        "confidence": 0.014448669201520912,
        "features": [
          19,
          0.014448669201520912,
          19
        ],
        "enhanced_confidence": 0.25459843272485866
      },
      {
        "predicted_type": "gland_6",
        "species_pair": "PV-SP",
        "confidence": 0.01064638783269962,
        "features": [
          14,
          0.01064638783269962,
          14
        ],
        "enhanced_confidence": 0.25162081296396893
      },
      {
        "predicted_type": "neuron_3",
        "species_pair": "PV-SP",
        "confidence": 0.01064638783269962,
        "features": [
          14,
          0.01064638783269962,
          14
        ],
        "enhanced_confidence": 0.25162081296396893
      },
      {
        "predicted_type": "alga_hosting_cells",
        "species_pair": "PD-SP",
        "confidence": 0.02063106796116505,
        "features": [
          34,
          0.02063106796116505,
          34
        ],
        "enhanced_confidence": 0.2508988673139158
      },
      {
        "predicted_type": "gland_1",
        "species_pair": "PD-SP",
        "confidence": 0.02063106796116505,
        "features": [
          34,
          0.02063106796116505,
          34
        ],
        "enhanced_confidence": 0.2508988673139158
      },
      {
        "predicted_type": "germline_sperm",
        "species_pair": "PV-SP",
        "confidence": 0.025485436893203883,
        "features": [
          42,
          0.025485436893203883,
          42
        ],
        "enhanced_confidence": 0.2499510517799353
      },
      {
        "predicted_type": "immune_1",
        "species_pair": "PV-SP",
        "confidence": 0.025485436893203883,
        "features": [
          42,
          0.025485436893203883,
          42
        ],
        "enhanced_confidence": 0.2499510517799353
      },
      {
        "predicted_type": "gland_3_digestive",
        "species_pair": "PD-SP",
        "confidence": 0.021237864077669904,
        "features": [
          35,
          0.021237864077669904,
          35
        ],
        "enhanced_confidence": 0.24930940822931116
      },
      {
        "predicted_type": "neuron_7",
        "species_pair": "PV-SP",
        "confidence": 0.021237864077669904,
        "features": [
          35,
          0.021237864077669904,
          35
        ],
        "enhanced_confidence": 0.24930940822931116
      },
      {
        "predicted_type": "neuron_14",
        "species_pair": "PD-SP",
        "confidence": 0.023058252427184466,
        "features": [
          38,
          0.023058252427184466,
          38
        ],
        "enhanced_confidence": 0.24852912621359222
      },
      {
        "predicted_type": "immune_2",
        "species_pair": "PV-SP",
        "confidence": 0.023058252427184466,
        "features": [
          38,
          0.023058252427184466,
          38
        ],
        "enhanced_confidence": 0.24852912621359222
      },
      {
        "predicted_type": "gland_6",
        "species_pair": "PD-SP",
        "confidence": 0.02316346790205162,
        "features": [
          35,
          0.02316346790205162,
          35
        ],
        "enhanced_confidence": 0.24816506728435916
      },
      {
        "predicted_type": "neuron_12",
        "species_pair": "PV-SP",
        "confidence": 0.02316346790205162,
        "features": [
          35,
          0.02316346790205162,
          35
        ],
        "enhanced_confidence": 0.24816506728435916
      },
      {
        "predicted_type": "neuron_2",
        "species_pair": "PD-SP",
        "confidence": 0.03334688897925986,
        "features": [
          82,
          0.03334688897925986,
          82
        ],
        "enhanced_confidence": 0.24219725401343944
      },
      {
        "predicted_type": "immune_2",
        "species_pair": "PV-SP",
        "confidence": 0.03334688897925986,
        "features": [
          82,
          0.03334688897925986,
          82
        ],
        "enhanced_confidence": 0.24219725401343944
      },
      {
        "predicted_type": "neuron_14",
        "species_pair": "PD-SP",
        "confidence": 0.027653517690117934,
        "features": [
          68,
          0.027653517690117934,
          68
        ],
        "enhanced_confidence": 0.24091009217839235
      },
      {
        "predicted_type": "neuron_12",
        "species_pair": "PV-SP",
        "confidence": 0.027653517690117934,
        "features": [
          68,
          0.027653517690117934,
          68
        ],
        "enhanced_confidence": 0.24091009217839235
      },
      {
        "predicted_type": "neuron_4",
        "species_pair": "PD-SP",
        "confidence": 0.010980073200488003,
        "features": [
          27,
          0.010980073200488003,
          27
        ],
        "enhanced_confidence": 0.23926384612405346
      },
      {
        "predicted_type": "gland_3_digestive",
        "species_pair": "PV-SP",
        "confidence": 0.010980073200488003,
        "features": [
          27,
          0.010980073200488003,
          27
        ],
        "enhanced_confidence": 0.23926384612405346
      },
      {
        "predicted_type": "gastrodermis",
        "species_pair": "PD-SP",
        "confidence": 0.016383495145631068,
        "features": [
          27,
          0.016383495145631068,
          27
        ],
        "enhanced_confidence": 0.23873936662043463
      },
      {
        "predicted_type": "gland_9",
        "species_pair": "PV-SP",
        "confidence": 0.016383495145631068,
        "features": [
          27,
          0.016383495145631068,
          27
        ],
        "enhanced_confidence": 0.23873936662043463
      },
      {
        "predicted_type": "gland_2",
        "species_pair": "PD-SP",
        "confidence": 0.04481792717086835,
        "features": [
          16,
          0.04481792717086835,
          16
        ],
        "enhanced_confidence": 0.2372661064425771
      },
      {
        "predicted_type": "gland_5",
        "species_pair": "PD-SP",
        "confidence": 0.04481792717086835,
        "features": [
          16,
          0.04481792717086835,
          16
        ],
        "enhanced_confidence": 0.2372661064425771
      },
      {
        "predicted_type": "gland_2",
        "species_pair": "PV-SP",
        "confidence": 0.018300122000813338,
        "features": [
          45,
          0.018300122000813338,
          45
        ],
        "enhanced_confidence": 0.23690006100040667
      },
      {
        "predicted_type": "neuron_7",
        "species_pair": "PV-SP",
        "confidence": 0.018300122000813338,
        "features": [
          45,
          0.018300122000813338,
          45
        ],
        "enhanced_confidence": 0.23690006100040667
      },
      {
        "predicted_type": "immune_2",
        "species_pair": "FL-SP",
        "confidence": 0.015453436356242375,
        "features": [
          38,
          0.015453436356242375,
          38
        ],
        "enhanced_confidence": 0.23647671817812113
      },
      {
        "predicted_type": "gastrodermis_musclelike",
        "species_pair": "PD-SP",
        "confidence": 0.015453436356242375,
        "features": [
          38,
          0.015453436356242375,
          38
        ],
        "enhanced_confidence": 0.23647671817812113
      },
      {
        "predicted_type": "immune_1",
        "species_pair": "PD-SP",
        "confidence": 0.0392156862745098,
        "features": [
          14,
          0.0392156862745098,
          14
        ],
        "enhanced_confidence": 0.23516736694677864
      },
      {
        "predicted_type": "neuron_8",
        "species_pair": "PD-SP",
        "confidence": 0.0392156862745098,
        "features": [
          14,
          0.0392156862745098,
          14
        ],
        "enhanced_confidence": 0.23516736694677864
      },
      {
        "predicted_type": "cnidocyte",
        "species_pair": "PD-SP",
        "confidence": 0.036193574623830826,
        "features": [
          89,
          0.036193574623830826,
          89
        ],
        "enhanced_confidence": 0.23434678731191538
      },
      {
        "predicted_type": "neuron_8",
        "species_pair": "PD-SP",
        "confidence": 0.036193574623830826,
        "features": [
          89,
          0.036193574623830826,
          89
        ],
        "enhanced_confidence": 0.23434678731191538
      },
      {
        "predicted_type": "gland_6",
        "species_pair": "PD-SP",
        "confidence": 0.01257445400397088,
        "features": [
          19,
          0.01257445400397088,
          19
        ],
        "enhanced_confidence": 0.23087056033531878
      },
      {
        "predicted_type": "mitotic_host_cells",
        "species_pair": "PD-SP",
        "confidence": 0.01257445400397088,
        "features": [
          19,
          0.01257445400397088,
          19
        ],
        "enhanced_confidence": 0.23087056033531878
      },
      {
        "predicted_type": "gland_4",
        "species_pair": "PD-SP",
        "confidence": 0.01588352084712111,
        "features": [
          24,
          0.01588352084712111,
          24
        ],
        "enhanced_confidence": 0.23054890328070343
      },
      {
        "predicted_type": "neuron_9",
        "species_pair": "PV-SP",
        "confidence": 0.01588352084712111,
        "features": [
          24,
          0.01588352084712111,
          24
        ],
        "enhanced_confidence": 0.23054890328070343
      },
      {
        "predicted_type": "neuron_7",
        "species_pair": "PD-SP",
        "confidence": 0.02737642585551331,
        "features": [
          36,
          0.02737642585551331,
          36
        ],
        "enhanced_confidence": 0.2303548795944233
      },
      {
        "predicted_type": "neuron_9",
        "species_pair": "PD-SP",
        "confidence": 0.02737642585551331,
        "features": [
          36,
          0.02737642585551331,
          36
        ],
        "enhanced_confidence": 0.2303548795944233
      },
      {
        "predicted_type": "gland_2",
        "species_pair": "FL-SP",
        "confidence": 0.016730038022813688,
        "features": [
          22,
          0.016730038022813688,
          22
        ],
        "enhanced_confidence": 0.22794835234474015
      },
      {
        "predicted_type": "unknown",
        "species_pair": "PV-SP",
        "confidence": 0.016730038022813688,
        "features": [
          22,
          0.016730038022813688,
          22
        ],
        "enhanced_confidence": 0.22794835234474015
      },
      {
        "predicted_type": "gland_7",
        "species_pair": "PD-SP",
        "confidence": 0.015209125475285171,
        "features": [
          20,
          0.015209125475285171,
          20
        ],
        "enhanced_confidence": 0.22677122940430924
      },
      {
        "predicted_type": "neuron_3",
        "species_pair": "PD-SP",
        "confidence": 0.015209125475285171,
        "features": [
          20,
          0.015209125475285171,
          20
        ],
        "enhanced_confidence": 0.22677122940430924
      },
      {
        "predicted_type": "neuron_12",
        "species_pair": "FL-SP",
        "confidence": 0.013013420089467263,
        "features": [
          32,
          0.013013420089467263,
          32
        ],
        "enhanced_confidence": 0.2221733767114003
      },
      {
        "predicted_type": "neuron_11",
        "species_pair": "PV-SP",
        "confidence": 0.013013420089467263,
        "features": [
          32,
          0.013013420089467263,
          32
        ],
        "enhanced_confidence": 0.2221733767114003
      },
      {
        "predicted_type": "gland_5",
        "species_pair": "PV-SP",
        "confidence": 0.02053231939163498,
        "features": [
          27,
          0.02053231939163498,
          27
        ],
        "enhanced_confidence": 0.22184949302915086
      },
      {
        "predicted_type": "neuron_14",
        "species_pair": "PV-SP",
        "confidence": 0.02053231939163498,
        "features": [
          27,
          0.02053231939163498,
          27
        ],
        "enhanced_confidence": 0.22184949302915086
      },
      {
        "predicted_type": "neuron_14",
        "species_pair": "PD-SP",
        "confidence": 0.024487094639311716,
        "features": [
          37,
          0.024487094639311716,
          37
        ],
        "enhanced_confidence": 0.22116021398632255
      },
      {
        "predicted_type": "immune_1",
        "species_pair": "PV-SP",
        "confidence": 0.024487094639311716,
        "features": [
          37,
          0.024487094639311716,
          37
        ],
        "enhanced_confidence": 0.22116021398632255
      },
      {
        "predicted_type": "gland_4",
        "species_pair": "PD-SP",
        "confidence": 0.01820388349514563,
        "features": [
          30,
          0.01820388349514563,
          30
        ],
        "enhanced_confidence": 0.2187130528586839
      },
      {
        "predicted_type": "cnidocyte",
        "species_pair": "PV-SP",
        "confidence": 0.01820388349514563,
        "features": [
          30,
          0.01820388349514563,
          30
        ],
        "enhanced_confidence": 0.2187130528586839
      },
      {
        "predicted_type": "epidermis_2",
        "species_pair": "FL-SP",
        "confidence": 0.036414565826330535,
        "features": [
          13,
          0.036414565826330535,
          13
        ],
        "enhanced_confidence": 0.21813982259570497
      },
      {
        "predicted_type": "neuron_12",
        "species_pair": "FL-SP",
        "confidence": 0.036414565826330535,
        "features": [
          13,
          0.036414565826330535,
          13
        ],
        "enhanced_confidence": 0.21813982259570497
      },
      {
        "predicted_type": "neuron_9",
        "species_pair": "PD-SP",
        "confidence": 0.036414565826330535,
        "features": [
          13,
          0.036414565826330535,
          13
        ],
        "enhanced_confidence": 0.21813982259570497
      },
      {
        "predicted_type": "gland_10",
        "species_pair": "PD-SP",
        "confidence": 0.014563106796116505,
        "features": [
          24,
          0.014563106796116505,
          24
        ],
        "enhanced_confidence": 0.2176148867313916
      },
      {
        "predicted_type": "mitotic_host_cells",
        "species_pair": "PD-SP",
        "confidence": 0.014563106796116505,
        "features": [
          24,
          0.014563106796116505,
          24
        ],
        "enhanced_confidence": 0.2176148867313916
      },
      {
        "predicted_type": "germline_sperm",
        "species_pair": "PD-SP",
        "confidence": 0.047619047619047616,
        "features": [
          17,
          0.047619047619047616,
          17
        ],
        "enhanced_confidence": 0.2002420634920635
      },
      {
        "predicted_type": "neuron_2",
        "species_pair": "PD-SP",
        "confidence": 0.047619047619047616,
        "features": [
          17,
          0.047619047619047616,
          17
        ],
        "enhanced_confidence": 0.2002420634920635
      },
      {
        "predicted_type": "calicoblast",
        "species_pair": "PV-SP",
        "confidence": 0.047619047619047616,
        "features": [
          17,
          0.047619047619047616,
          17
        ],
        "enhanced_confidence": 0.2002420634920635
      },
      {
        "predicted_type": "neuron_2",
        "species_pair": "PD-SP",
        "confidence": 0.03242885506287227,
        "features": [
          49,
          0.03242885506287227,
          49
        ],
        "enhanced_confidence": 0.19989895134095997
      },
      {
        "predicted_type": "gastrodermis",
        "species_pair": "PV-SP",
        "confidence": 0.03242885506287227,
        "features": [
          49,
          0.03242885506287227,
          49
        ],
        "enhanced_confidence": 0.19989895134095997
      },
      {
        "predicted_type": "neuron_12",
        "species_pair": "PV-SP",
        "confidence": 0.03242885506287227,
        "features": [
          49,
          0.03242885506287227,
          49
        ],
        "enhanced_confidence": 0.19989895134095997
      },
      {
        "predicted_type": "gland_3_digestive",
        "species_pair": "PD-SP",
        "confidence": 0.028457974851091992,
        "features": [
          43,
          0.028457974851091992,
          43
        ],
        "enhanced_confidence": 0.1964313683779269
      },
      {
        "predicted_type": "immune_1",
        "species_pair": "PD-SP",
        "confidence": 0.028457974851091992,
        "features": [
          43,
          0.028457974851091992,
          43
        ],
        "enhanced_confidence": 0.1964313683779269
      },
      {
        "predicted_type": "immune_2",
        "species_pair": "PD-SP",
        "confidence": 0.028457974851091992,
        "features": [
          43,
          0.028457974851091992,
          43
        ],
        "enhanced_confidence": 0.1964313683779269
      },
      {
        "predicted_type": "gastrodermis_musclelike",
        "species_pair": "PD-SP",
        "confidence": 0.017597087378640776,
        "features": [
          29,
          0.017597087378640776,
          29
        ],
        "enhanced_confidence": 0.19410806749884418
      },
      {
        "predicted_type": "immune_2",
        "species_pair": "PD-SP",
        "confidence": 0.017597087378640776,
        "features": [
          29,
          0.017597087378640776,
          29
        ],
        "enhanced_confidence": 0.19410806749884418
      },
      {
        "predicted_type": "neuron_3",
        "species_pair": "PD-SP",
        "confidence": 0.017597087378640776,
        "features": [
          29,
          0.017597087378640776,
          29
        ],
        "enhanced_confidence": 0.19410806749884418
      },
      {
        "predicted_type": "neuron_2",
        "species_pair": "PD-SP",
        "confidence": 0.03507610853739246,
        "features": [
          53,
          0.03507610853739246,
          53
        ],
        "enhanced_confidence": 0.19318091141155336
      },
      {
        "predicted_type": "neuron_7",
        "species_pair": "PD-SP",
        "confidence": 0.03507610853739246,
        "features": [
          53,
          0.03507610853739246,
          53
        ],
        "enhanced_confidence": 0.19318091141155336
      },
      {
        "predicted_type": "neuron_9",
        "species_pair": "PD-SP",
        "confidence": 0.03507610853739246,
        "features": [
          53,
          0.03507610853739246,
          53
        ],
        "enhanced_confidence": 0.19318091141155336
      },
      {
        "predicted_type": "neuron_5",
        "species_pair": "PD-SP",
        "confidence": 0.03081232492997199,
        "features": [
          11,
          0.03081232492997199,
          11
        ],
        "enhanced_confidence": 0.19276925770308123
      },
      {
        "predicted_type": "neuron_7",
        "species_pair": "PD-SP",
        "confidence": 0.03081232492997199,
        "features": [
          11,
          0.03081232492997199,
          11
        ],
        "enhanced_confidence": 0.19276925770308123
      },
      {
        "predicted_type": "gland_3_digestive",
        "species_pair": "PV-SP",
        "confidence": 0.03081232492997199,
        "features": [
          11,
          0.03081232492997199,
          11
        ],
        "enhanced_confidence": 0.19276925770308123
      },
      {
        "predicted_type": "alga_hosting_cells",
        "species_pair": "PD-SP",
        "confidence": 0.014233428222854819,
        "features": [
          35,
          0.014233428222854819,
          35
        ],
        "enhanced_confidence": 0.1923250474447607
      },
      {
        "predicted_type": "mitotic_host_cells",
        "species_pair": "PD-SP",
        "confidence": 0.014233428222854819,
        "features": [
          35,
          0.014233428222854819,
          35
        ],
        "enhanced_confidence": 0.1923250474447607
      },
      {
        "predicted_type": "neuron_14",
        "species_pair": "PV-SP",
        "confidence": 0.014233428222854819,
        "features": [
          35,
          0.014233428222854819,
          35
        ],
        "enhanced_confidence": 0.1923250474447607
      },
      {
        "predicted_type": "epidermis_1",
        "species_pair": "PV-SP",
        "confidence": 0.019011406844106463,
        "features": [
          25,
          0.019011406844106463,
          25
        ],
        "enhanced_confidence": 0.1899342748506246
      },
      {
        "predicted_type": "immune_1",
        "species_pair": "PV-SP",
        "confidence": 0.019011406844106463,
        "features": [
          25,
          0.019011406844106463,
          25
        ],
        "enhanced_confidence": 0.1899342748506246
      },
      {
        "predicted_type": "neuron_8",
        "species_pair": "PV-SP",
        "confidence": 0.019011406844106463,
        "features": [
          25,
          0.019011406844106463,
          25
        ],
        "enhanced_confidence": 0.1899342748506246
      },
      {
        "predicted_type": "calicoblast",
        "species_pair": "PD-SP",
        "confidence": 0.012200081333875559,
        "features": [
          30,
          0.012200081333875559,
          30
        ],
        "enhanced_confidence": 0.1882071835240806
      },
      {
        "predicted_type": "alga_hosting_cells",
        "species_pair": "PV-SP",
        "confidence": 0.012200081333875559,
        "features": [
          30,
          0.012200081333875559,
          30
        ],
        "enhanced_confidence": 0.1882071835240806
      },
      {
        "predicted_type": "gland_9",
        "species_pair": "PV-SP",
        "confidence": 0.012200081333875559,
        "features": [
          30,
          0.012200081333875559,
          30
        ],
        "enhanced_confidence": 0.1882071835240806
      },
      {
        "predicted_type": "gland_5",
        "species_pair": "PD-SP",
        "confidence": 0.0311787072243346,
        "features": [
          41,
          0.0311787072243346,
          41
        ],
        "enhanced_confidence": 0.18385721075502443
      },
      {
        "predicted_type": "neuron_2",
        "species_pair": "PD-SP",
        "confidence": 0.0311787072243346,
        "features": [
          41,
          0.0311787072243346,
          41
        ],
        "enhanced_confidence": 0.18385721075502443
      },
      {
        "predicted_type": "epidermis_2",
        "species_pair": "PV-SP",
        "confidence": 0.0311787072243346,
        "features": [
          41,
          0.0311787072243346,
          41
        ],
        "enhanced_confidence": 0.18385721075502443
      },
      {
        "predicted_type": "gland_7",
        "species_pair": "PD-SP",
        "confidence": 0.027134348113831898,
        "features": [
          41,
          0.027134348113831898,
          41
        ],
        "enhanced_confidence": 0.18215050739024927
      },
      {
        "predicted_type": "epidermis_2",
        "species_pair": "PV-SP",
        "confidence": 0.027134348113831898,
        "features": [
          41,
          0.027134348113831898,
          41
        ],
        "enhanced_confidence": 0.18215050739024927
      },
      {
        "predicted_type": "gland_2",
        "species_pair": "PV-SP",
        "confidence": 0.027134348113831898,
        "features": [
          41,
          0.027134348113831898,
          41
        ],
        "enhanced_confidence": 0.18215050739024927
      },
      {
        "predicted_type": "unknown",
        "species_pair": "PV-SP",
        "confidence": 0.027134348113831898,
        "features": [
          41,
          0.027134348113831898,
          41
        ],
        "enhanced_confidence": 0.18215050739024927
      },
      {
        "predicted_type": "gland_3_digestive",
        "species_pair": "PD-SP",
        "confidence": 0.022408963585434174,
        "features": [
          8,
          0.022408963585434174,
          8
        ],
        "enhanced_confidence": 0.1814941643323996
      },
      {
        "predicted_type": "neuron_12",
        "species_pair": "PD-SP",
        "confidence": 0.022408963585434174,
        "features": [
          8,
          0.022408963585434174,
          8
        ],
        "enhanced_confidence": 0.1814941643323996
      },
      {
        "predicted_type": "neuron_2",
        "species_pair": "PV-SP",
        "confidence": 0.022408963585434174,
        "features": [
          8,
          0.022408963585434174,
          8
        ],
        "enhanced_confidence": 0.1814941643323996
      },
      {
        "predicted_type": "epidermis_1",
        "species_pair": "FL-SP",
        "confidence": 0.028011204481792718,
        "features": [
          10,
          0.028011204481792718,
          10
        ],
        "enhanced_confidence": 0.17933893557422967
      },
      {
        "predicted_type": "gland_1",
        "species_pair": "PD-SP",
        "confidence": 0.028011204481792718,
        "features": [
          10,
          0.028011204481792718,
          10
        ],
        "enhanced_confidence": 0.17933893557422967
      },
      {
        "predicted_type": "gland_6",
        "species_pair": "PV-SP",
        "confidence": 0.028011204481792718,
        "features": [
          10,
          0.028011204481792718,
          10
        ],
        "enhanced_confidence": 0.17933893557422967
      },
      {
        "predicted_type": "immune_2",
        "species_pair": "PD-SP",
        "confidence": 0.025210084033613446,
        "features": [
          9,
          0.025210084033613446,
          9
        ],
        "enhanced_confidence": 0.17783916900093372
      },
      {
        "predicted_type": "neuron_3",
        "species_pair": "PD-SP",
        "confidence": 0.025210084033613446,
        "features": [
          9,
          0.025210084033613446,
          9
        ],
        "enhanced_confidence": 0.17783916900093372
      },
      {
        "predicted_type": "gland_5",
        "species_pair": "PV-SP",
        "confidence": 0.025210084033613446,
        "features": [
          9,
          0.025210084033613446,
          9
        ],
        "enhanced_confidence": 0.17783916900093372
      },
      {
        "predicted_type": "gland_9",
        "species_pair": "PV-SP",
        "confidence": 0.025210084033613446,
        "features": [
          9,
          0.025210084033613446,
          9
        ],
        "enhanced_confidence": 0.17783916900093372
      },
      {
        "predicted_type": "neuron_3",
        "species_pair": "PV-SP",
        "confidence": 0.025210084033613446,
        "features": [
          9,
          0.025210084033613446,
          9
        ],
        "enhanced_confidence": 0.17783916900093372
      },
      {
        "predicted_type": "neuron_1",
        "species_pair": "PD-SP",
        "confidence": 0.012606750711671411,
        "features": [
          31,
          0.012606750711671411,
          31
        ],
        "enhanced_confidence": 0.17507718487964527
      },
      {
        "predicted_type": "calicoblast",
        "species_pair": "PV-SP",
        "confidence": 0.012606750711671411,
        "features": [
          31,
          0.012606750711671411,
          31
        ],
        "enhanced_confidence": 0.17507718487964527
      },
      {
        "predicted_type": "neuron_5",
        "species_pair": "PV-SP",
        "confidence": 0.012606750711671411,
        "features": [
          31,
          0.012606750711671411,
          31
        ],
        "enhanced_confidence": 0.17507718487964527
      },
      {
        "predicted_type": "immune_1",
        "species_pair": "PD-SP",
        "confidence": 0.029733009708737865,
        "features": [
          49,
          0.029733009708737865,
          49
        ],
        "enhanced_confidence": 0.1739736477115118
      },
      {
        "predicted_type": "neuron_11",
        "species_pair": "PD-SP",
        "confidence": 0.029733009708737865,
        "features": [
          49,
          0.029733009708737865,
          49
        ],
        "enhanced_confidence": 0.1739736477115118
      },
      {
        "predicted_type": "neuron_12",
        "species_pair": "PD-SP",
        "confidence": 0.029733009708737865,
        "features": [
          49,
          0.029733009708737865,
          49
        ],
        "enhanced_confidence": 0.1739736477115118
      },
      {
        "predicted_type": "germline_sperm",
        "species_pair": "FL-SP",
        "confidence": 0.013898080741230973,
        "features": [
          21,
          0.013898080741230973,
          21
        ],
        "enhanced_confidence": 0.16948475465632973
      },
      {
        "predicted_type": "gastrodermis",
        "species_pair": "PD-SP",
        "confidence": 0.013898080741230973,
        "features": [
          21,
          0.013898080741230973,
          21
        ],
        "enhanced_confidence": 0.16948475465632973
      },
      {
        "predicted_type": "gland_5",
        "species_pair": "PV-SP",
        "confidence": 0.013898080741230973,
        "features": [
          21,
          0.013898080741230973,
          21
        ],
        "enhanced_confidence": 0.16948475465632973
      },
      {
        "predicted_type": "neuron_12",
        "species_pair": "FL-SP",
        "confidence": 0.012927756653992395,
        "features": [
          17,
          0.012927756653992395,
          17
        ],
        "enhanced_confidence": 0.16917617991429773
      },
      {
        "predicted_type": "immune_2",
        "species_pair": "PD-SP",
        "confidence": 0.012927756653992395,
        "features": [
          17,
          0.012927756653992395,
          17
        ],
        "enhanced_confidence": 0.16917617991429773
      },
      {
        "predicted_type": "neuron_5",
        "species_pair": "PV-SP",
        "confidence": 0.012927756653992395,
        "features": [
          17,
          0.012927756653992395,
          17
        ],
        "enhanced_confidence": 0.16917617991429773
      },
      {
        "predicted_type": "gland_2",
        "species_pair": "FL-SP",
        "confidence": 0.013236267372600927,
        "features": [
          20,
          0.013236267372600927,
          20
        ],
        "enhanced_confidence": 0.16742360435941808
      },
      {
        "predicted_type": "neuron_12",
        "species_pair": "FL-SP",
        "confidence": 0.013236267372600927,
        "features": [
          20,
          0.013236267372600927,
          20
        ],
        "enhanced_confidence": 0.16742360435941808
      },
      {
        "predicted_type": "gastrodermis_musclelike",
        "species_pair": "PD-SP",
        "confidence": 0.013236267372600927,
        "features": [
          20,
          0.013236267372600927,
          20
        ],
        "enhanced_confidence": 0.16742360435941808
      },
      {
        "predicted_type": "gastrodermis_musclelike",
        "species_pair": "PD-SP",
        "confidence": 0.013236267372600927,
        "features": [
          20,
          0.013236267372600927,
          20
        ],
        "enhanced_confidence": 0.16742360435941808
      },
      {
        "predicted_type": "cnidocyte",
        "species_pair": "PV-SP",
        "confidence": 0.013236267372600927,
        "features": [
          20,
          0.013236267372600927,
          20
        ],
        "enhanced_confidence": 0.16742360435941808
      },
      {
        "predicted_type": "alga_hosting_cells",
        "species_pair": "SP-SP",
        "confidence": 0.013236267372600927,
        "features": [
          20,
          0.013236267372600927,
          20
        ],
        "enhanced_confidence": 0.16742360435941808
      },
      {
        "predicted_type": "neuron_7",
        "species_pair": "FL-SP",
        "confidence": 0.011912640635340834,
        "features": [
          18,
          0.011912640635340834,
          18
        ],
        "enhanced_confidence": 0.1664940187303688
      },
      {
        "predicted_type": "gland_9",
        "species_pair": "PD-SP",
        "confidence": 0.011912640635340834,
        "features": [
          18,
          0.011912640635340834,
          18
        ],
        "enhanced_confidence": 0.1664940187303688
      },
      {
        "predicted_type": "calicoblast",
        "species_pair": "PD-SP",
        "confidence": 0.011912640635340834,
        "features": [
          18,
          0.011912640635340834,
          18
        ],
        "enhanced_confidence": 0.1664940187303688
      },
      {
        "predicted_type": "neuron_5",
        "species_pair": "PV-SP",
        "confidence": 0.011912640635340834,
        "features": [
          18,
          0.011912640635340834,
          18
        ],
        "enhanced_confidence": 0.1664940187303688
      },
      {
        "predicted_type": "calicoblast",
        "species_pair": "FL-SP",
        "confidence": 0.012167300380228136,
        "features": [
          16,
          0.012167300380228136,
          16
        ],
        "enhanced_confidence": 0.16211574309720692
      },
      {
        "predicted_type": "neuron_14",
        "species_pair": "FL-SP",
        "confidence": 0.012167300380228136,
        "features": [
          16,
          0.012167300380228136,
          16
        ],
        "enhanced_confidence": 0.16211574309720692
      },
      {
        "predicted_type": "calicoblast",
        "species_pair": "PD-SP",
        "confidence": 0.012167300380228136,
        "features": [
          16,
          0.012167300380228136,
          16
        ],
        "enhanced_confidence": 0.16211574309720692
      },
      {
        "predicted_type": "gland_10",
        "species_pair": "PD-SP",
        "confidence": 0.012167300380228136,
        "features": [
          16,
          0.012167300380228136,
          16
        ],
        "enhanced_confidence": 0.16211574309720692
      },
      {
        "predicted_type": "gland_6",
        "species_pair": "PD-SP",
        "confidence": 0.012167300380228136,
        "features": [
          16,
          0.012167300380228136,
          16
        ],
        "enhanced_confidence": 0.16211574309720692
      },
      {
        "predicted_type": "gastrodermis",
        "species_pair": "PV-SP",
        "confidence": 0.012167300380228136,
        "features": [
          16,
          0.012167300380228136,
          16
        ],
        "enhanced_confidence": 0.16211574309720692
      },
      {
        "predicted_type": "gland_4",
        "species_pair": "PV-SP",
        "confidence": 0.012167300380228136,
        "features": [
          16,
          0.012167300380228136,
          16
        ],
        "enhanced_confidence": 0.16211574309720692
      },
      {
        "predicted_type": "gastrodermis",
        "species_pair": "PD-SP",
        "confidence": 0.013420089467263115,
        "features": [
          33,
          0.013420089467263115,
          33
        ],
        "enhanced_confidence": 0.15716837806696488
      },
      {
        "predicted_type": "gland_10",
        "species_pair": "PD-SP",
        "confidence": 0.013420089467263115,
        "features": [
          33,
          0.013420089467263115,
          33
        ],
        "enhanced_confidence": 0.15716837806696488
      },
      {
        "predicted_type": "gland_6",
        "species_pair": "PD-SP",
        "confidence": 0.013420089467263115,
        "features": [
          33,
          0.013420089467263115,
          33
        ],
        "enhanced_confidence": 0.15716837806696488
      },
      {
        "predicted_type": "immune_2",
        "species_pair": "PD-SP",
        "confidence": 0.013420089467263115,
        "features": [
          33,
          0.013420089467263115,
          33
        ],
        "enhanced_confidence": 0.15716837806696488
      },
      {
        "predicted_type": "gland_4",
        "species_pair": "PD-SP",
        "confidence": 0.02514890800794176,
        "features": [
          38,
          0.02514890800794176,
          38
        ],
        "enhanced_confidence": 0.15700302543254224
      },
      {
        "predicted_type": "neuron_7",
        "species_pair": "PD-SP",
        "confidence": 0.02514890800794176,
        "features": [
          38,
          0.02514890800794176,
          38
        ],
        "enhanced_confidence": 0.15700302543254224
      },
      {
        "predicted_type": "neuron_3",
        "species_pair": "PD-SP",
        "confidence": 0.02514890800794176,
        "features": [
          38,
          0.02514890800794176,
          38
        ],
        "enhanced_confidence": 0.15700302543254224
      },
      {
        "predicted_type": "gland_2",
        "species_pair": "PV-SP",
        "confidence": 0.02514890800794176,
        "features": [
          38,
          0.02514890800794176,
          38
        ],
        "enhanced_confidence": 0.15700302543254224
      },
      {
        "predicted_type": "neuron_3",
        "species_pair": "PD-SP",
        "confidence": 0.022501654533421574,
        "features": [
          34,
          0.022501654533421574,
          34
        ],
        "enhanced_confidence": 0.1476972558381393
      },
      {
        "predicted_type": "gland_3_digestive",
        "species_pair": "PD-SP",
        "confidence": 0.022501654533421574,
        "features": [
          34,
          0.022501654533421574,
          34
        ],
        "enhanced_confidence": 0.1476972558381393
      },
      {
        "predicted_type": "neuron_14",
        "species_pair": "PD-SP",
        "confidence": 0.022501654533421574,
        "features": [
          34,
          0.022501654533421574,
          34
        ],
        "enhanced_confidence": 0.1476972558381393
      },
      {
        "predicted_type": "neuron_7",
        "species_pair": "PV-SP",
        "confidence": 0.022501654533421574,
        "features": [
          34,
          0.022501654533421574,
          34
        ],
        "enhanced_confidence": 0.1476972558381393
      },
      {
        "predicted_type": "alga_hosting_cells",
        "species_pair": "FL-SP",
        "confidence": 0.02183984116479153,
        "features": [
          33,
          0.02183984116479153,
          33
        ],
        "enhanced_confidence": 0.1459321860946613
      },
      {
        "predicted_type": "immune_2",
        "species_pair": "PD-SP",
        "confidence": 0.02183984116479153,
        "features": [
          33,
          0.02183984116479153,
          33
        ],
        "enhanced_confidence": 0.1459321860946613
      },
      {
        "predicted_type": "gastrodermis_musclelike",
        "species_pair": "PV-SP",
        "confidence": 0.02183984116479153,
        "features": [
          33,
          0.02183984116479153,
          33
        ],
        "enhanced_confidence": 0.1459321860946613
      },
      {
        "predicted_type": "germline_sperm",
        "species_pair": "PV-SP",
        "confidence": 0.02183984116479153,
        "features": [
          33,
          0.02183984116479153,
          33
        ],
        "enhanced_confidence": 0.1459321860946613
      },
      {
        "predicted_type": "germline_sperm",
        "species_pair": "FL-SP",
        "confidence": 0.011529126213592233,
        "features": [
          19,
          0.011529126213592233,
          19
        ],
        "enhanced_confidence": 0.14500662659885957
      },
      {
        "predicted_type": "neuron_11",
        "species_pair": "FL-SP",
        "confidence": 0.011529126213592233,
        "features": [
          19,
          0.011529126213592233,
          19
        ],
        "enhanced_confidence": 0.14500662659885957
      },
      {
        "predicted_type": "unknown",
        "species_pair": "FL-SP",
        "confidence": 0.011529126213592233,
        "features": [
          19,
          0.011529126213592233,
          19
        ],
        "enhanced_confidence": 0.14500662659885957
      },
      {
        "predicted_type": "neuron_5",
        "species_pair": "PV-SP",
        "confidence": 0.011529126213592233,
        "features": [
          19,
          0.011529126213592233,
          19
        ],
        "enhanced_confidence": 0.14500662659885957
      },
      {
        "predicted_type": "gland_2",
        "species_pair": "FL-SP",
        "confidence": 0.010922330097087379,
        "features": [
          18,
          0.010922330097087379,
          18
        ],
        "enhanced_confidence": 0.14255135263873125
      },
      {
        "predicted_type": "gland_1",
        "species_pair": "PV-SP",
        "confidence": 0.010922330097087379,
        "features": [
          18,
          0.010922330097087379,
          18
        ],
        "enhanced_confidence": 0.14255135263873125
      },
      {
        "predicted_type": "gastrodermis",
        "species_pair": "SP-SP",
        "confidence": 0.010922330097087379,
        "features": [
          18,
          0.010922330097087379,
          18
        ],
        "enhanced_confidence": 0.14255135263873125
      },
      {
        "predicted_type": "gastrodermis_musclelike",
        "species_pair": "SP-SP",
        "confidence": 0.010922330097087379,
        "features": [
          18,
          0.010922330097087379,
          18
        ],
        "enhanced_confidence": 0.14255135263873125
      },
      {
        "predicted_type": "germline_sperm",
        "species_pair": "FL-SP",
        "confidence": 0.011386742578283855,
        "features": [
          28,
          0.011386742578283855,
          28
        ],
        "enhanced_confidence": 0.14111370095947162
      },
      {
        "predicted_type": "gland_2",
        "species_pair": "FL-SP",
        "confidence": 0.011386742578283855,
        "features": [
          28,
          0.011386742578283855,
          28
        ],
        "enhanced_confidence": 0.14111370095947162
      },
      {
        "predicted_type": "gland_9",
        "species_pair": "PD-SP",
        "confidence": 0.011386742578283855,
        "features": [
          28,
          0.011386742578283855,
          28
        ],
        "enhanced_confidence": 0.14111370095947162
      },
      {
        "predicted_type": "neuron_9",
        "species_pair": "PV-SP",
        "confidence": 0.011386742578283855,
        "features": [
          28,
          0.011386742578283855,
          28
        ],
        "enhanced_confidence": 0.14111370095947162
      },
      {
        "predicted_type": "epidermis_2",
        "species_pair": "PD-SP",
        "confidence": 0.013688212927756654,
        "features": [
          18,
          0.013688212927756654,
          18
        ],
        "enhanced_confidence": 0.14028350040327225
      },
      {
        "predicted_type": "gastrodermis_musclelike",
        "species_pair": "PD-SP",
        "confidence": 0.013688212927756654,
        "features": [
          18,
          0.013688212927756654,
          18
        ],
        "enhanced_confidence": 0.14028350040327225
      },
      {
        "predicted_type": "gland_1",
        "species_pair": "PD-SP",
        "confidence": 0.013688212927756654,
        "features": [
          18,
          0.013688212927756654,
          18
        ],
        "enhanced_confidence": 0.14028350040327225
      },
      {
        "predicted_type": "immune_2",
        "species_pair": "PV-SP",
        "confidence": 0.013688212927756654,
        "features": [
          18,
          0.013688212927756654,
          18
        ],
        "enhanced_confidence": 0.14028350040327225
      },
      {
        "predicted_type": "germline_sperm",
        "species_pair": "FL-SP",
        "confidence": 0.01749049429657795,
        "features": [
          23,
          0.01749049429657795,
          23
        ],
        "enhanced_confidence": 0.136917866195908
      },
      {
        "predicted_type": "gland_4",
        "species_pair": "PD-SP",
        "confidence": 0.01749049429657795,
        "features": [
          23,
          0.01749049429657795,
          23
        ],
        "enhanced_confidence": 0.136917866195908
      },
      {
        "predicted_type": "neuron_5",
        "species_pair": "PD-SP",
        "confidence": 0.01749049429657795,
        "features": [
          23,
          0.01749049429657795,
          23
        ],
        "enhanced_confidence": 0.136917866195908
      },
      {
        "predicted_type": "neuron_2",
        "species_pair": "PV-SP",
        "confidence": 0.01749049429657795,
        "features": [
          23,
          0.01749049429657795,
          23
        ],
        "enhanced_confidence": 0.136917866195908
      },
      {
        "predicted_type": "alga_hosting_cells",
        "species_pair": "PD-SP",
        "confidence": 0.015221707478491065,
        "features": [
          23,
          0.015221707478491065,
          23
        ],
        "enhanced_confidence": 0.11780529818368995
      },
      {
        "predicted_type": "gland_3_digestive",
        "species_pair": "PV-SP",
        "confidence": 0.015221707478491065,
        "features": [
          23,
          0.015221707478491065,
          23
        ],
        "enhanced_confidence": 0.11780529818368995
      },
      {
        "predicted_type": "gland_9",
        "species_pair": "PV-SP",
        "confidence": 0.015221707478491065,
        "features": [
          23,
          0.015221707478491065,
          23
        ],
        "enhanced_confidence": 0.11780529818368995
      },
      {
        "predicted_type": "neuron_2",
        "species_pair": "PV-SP",
        "confidence": 0.015221707478491065,
        "features": [
          23,
          0.015221707478491065,
          23
        ],
        "enhanced_confidence": 0.11780529818368995
      },
      {
        "predicted_type": "neuron_8",
        "species_pair": "PV-SP",
        "confidence": 0.015221707478491065,
        "features": [
          23,
          0.015221707478491065,
          23
        ],
        "enhanced_confidence": 0.11780529818368995
      },
      {
        "predicted_type": "alga_hosting_cells",
        "species_pair": "FL-SP",
        "confidence": 0.010315533980582525,
        "features": [
          17,
          0.010315533980582525,
          17
        ],
        "enhanced_confidence": 0.11274308445060871
      },
      {
        "predicted_type": "calicoblast",
        "species_pair": "PD-SP",
        "confidence": 0.010315533980582525,
        "features": [
          17,
          0.010315533980582525,
          17
        ],
        "enhanced_confidence": 0.11274308445060871
      },
      {
        "predicted_type": "gland_9",
        "species_pair": "PD-SP",
        "confidence": 0.010315533980582525,
        "features": [
          17,
          0.010315533980582525,
          17
        ],
        "enhanced_confidence": 0.11274308445060871
      },
      {
        "predicted_type": "neuron_8",
        "species_pair": "PV-SP",
        "confidence": 0.010315533980582525,
        "features": [
          17,
          0.010315533980582525,
          17
        ],
        "enhanced_confidence": 0.11274308445060871
      },
      {
        "predicted_type": "unknown",
        "species_pair": "SP-SP",
        "confidence": 0.010315533980582525,
        "features": [
          17,
          0.010315533980582525,
          17
        ],
        "enhanced_confidence": 0.11274308445060871
      },
      {
        "predicted_type": "calicoblast",
        "species_pair": "FL-SP",
        "confidence": 0.014005602240896359,
        "features": [
          5,
          0.014005602240896359,
          5
        ],
        "enhanced_confidence": 0.10202029506441267
      },
      {
        "predicted_type": "gland_9",
        "species_pair": "FL-SP",
        "confidence": 0.014005602240896359,
        "features": [
          5,
          0.014005602240896359,
          5
        ],
        "enhanced_confidence": 0.10202029506441267
      },
      {
        "predicted_type": "neuron_11",
        "species_pair": "FL-SP",
        "confidence": 0.014005602240896359,
        "features": [
          5,
          0.014005602240896359,
          5
        ],
        "enhanced_confidence": 0.10202029506441267
      },
      {
        "predicted_type": "calicoblast",
        "species_pair": "PD-SP",
        "confidence": 0.014005602240896359,
        "features": [
          5,
          0.014005602240896359,
          5
        ],
        "enhanced_confidence": 0.10202029506441267
      },
      {
        "predicted_type": "gastrodermis",
        "species_pair": "PD-SP",
        "confidence": 0.014005602240896359,
        "features": [
          5,
          0.014005602240896359,
          5
        ],
        "enhanced_confidence": 0.10202029506441267
      },
      {
        "predicted_type": "mitotic_host_cells",
        "species_pair": "PD-SP",
        "confidence": 0.014005602240896359,
        "features": [
          5,
          0.014005602240896359,
          5
        ],
        "enhanced_confidence": 0.10202029506441267
      },
      {
        "predicted_type": "neuron_14",
        "species_pair": "PD-SP",
        "confidence": 0.014005602240896359,
        "features": [
          5,
          0.014005602240896359,
          5
        ],
        "enhanced_confidence": 0.10202029506441267
      },
      {
        "predicted_type": "gastrodermis_musclelike",
        "species_pair": "PV-SP",
        "confidence": 0.014005602240896359,
        "features": [
          5,
          0.014005602240896359,
          5
        ],
        "enhanced_confidence": 0.10202029506441267
      },
      {
        "predicted_type": "immune_2",
        "species_pair": "PV-SP",
        "confidence": 0.014005602240896359,
        "features": [
          5,
          0.014005602240896359,
          5
        ],
        "enhanced_confidence": 0.10202029506441267
      },
      {
        "predicted_type": "neuron_7",
        "species_pair": "PV-SP",
        "confidence": 0.014005602240896359,
        "features": [
          5,
          0.014005602240896359,
          5
        ],
        "enhanced_confidence": 0.10202029506441267
      },
      {
        "predicted_type": "gland_3_digestive",
        "species_pair": "SP-SP",
        "confidence": 0.014005602240896359,
        "features": [
          5,
          0.014005602240896359,
          5
        ],
        "enhanced_confidence": 0.10202029506441267
      },
      {
        "predicted_type": "unknown",
        "species_pair": "FL-SP",
        "confidence": 0.010589013898080741,
        "features": [
          16,
          0.010589013898080741,
          16
        ],
        "enhanced_confidence": 0.08021955412408753
      },
      {
        "predicted_type": "neuron_12",
        "species_pair": "FL-SP",
        "confidence": 0.010589013898080741,
        "features": [
          16,
          0.010589013898080741,
          16
        ],
        "enhanced_confidence": 0.08021955412408753
      },
      {
        "predicted_type": "neuron_4",
        "species_pair": "PD-SP",
        "confidence": 0.010589013898080741,
        "features": [
          16,
          0.010589013898080741,
          16
        ],
        "enhanced_confidence": 0.08021955412408753
      },
      {
        "predicted_type": "alga_hosting_cells",
        "species_pair": "PD-SP",
        "confidence": 0.010589013898080741,
        "features": [
          16,
          0.010589013898080741,
          16
        ],
        "enhanced_confidence": 0.08021955412408753
      },
      {
        "predicted_type": "mitotic_host_cells",
        "species_pair": "PD-SP",
        "confidence": 0.010589013898080741,
        "features": [
          16,
          0.010589013898080741,
          16
        ],
        "enhanced_confidence": 0.08021955412408753
      },
      {
        "predicted_type": "neuron_14",
        "species_pair": "PV-SP",
        "confidence": 0.010589013898080741,
        "features": [
          16,
          0.010589013898080741,
          16
        ],
        "enhanced_confidence": 0.08021955412408753
      },
      {
        "predicted_type": "immune_1",
        "species_pair": "PV-SP",
        "confidence": 0.010589013898080741,
        "features": [
          16,
          0.010589013898080741,
          16
        ],
        "enhanced_confidence": 0.08021955412408753
      },
      {
        "predicted_type": "neuron_11",
        "species_pair": "PV-SP",
        "confidence": 0.010589013898080741,
        "features": [
          16,
          0.010589013898080741,
          16
        ],
        "enhanced_confidence": 0.08021955412408753
      },
      {
        "predicted_type": "gland_4",
        "species_pair": "PD-SP",
        "confidence": 0.0196078431372549,
        "features": [
          7,
          0.0196078431372549,
          7
        ],
        "enhanced_confidence": 0.07868839820310411
      },
      {
        "predicted_type": "gland_6",
        "species_pair": "PD-SP",
        "confidence": 0.0196078431372549,
        "features": [
          7,
          0.0196078431372549,
          7
        ],
        "enhanced_confidence": 0.07868839820310411
      },
      {
        "predicted_type": "gland_7",
        "species_pair": "PD-SP",
        "confidence": 0.0196078431372549,
        "features": [
          7,
          0.0196078431372549,
          7
        ],
        "enhanced_confidence": 0.07868839820310411
      },
      {
        "predicted_type": "neuron_11",
        "species_pair": "PD-SP",
        "confidence": 0.0196078431372549,
        "features": [
          7,
          0.0196078431372549,
          7
        ],
        "enhanced_confidence": 0.07868839820310411
      },
      {
        "predicted_type": "gland_2",
        "species_pair": "PV-SP",
        "confidence": 0.0196078431372549,
        "features": [
          7,
          0.0196078431372549,
          7
        ],
        "enhanced_confidence": 0.07868839820310411
      },
      {
        "predicted_type": "neuron_14",
        "species_pair": "PV-SP",
        "confidence": 0.0196078431372549,
        "features": [
          7,
          0.0196078431372549,
          7
        ],
        "enhanced_confidence": 0.07868839820310411
      },
      {
        "predicted_type": "neuron_5",
        "species_pair": "PV-SP",
        "confidence": 0.0196078431372549,
        "features": [
          7,
          0.0196078431372549,
          7
        ],
        "enhanced_confidence": 0.07868839820310411
      },
      {
        "predicted_type": "neuron_9",
        "species_pair": "PV-SP",
        "confidence": 0.0196078431372549,
        "features": [
          7,
          0.0196078431372549,
          7
        ],
        "enhanced_confidence": 0.07868839820310411
      },
      {
        "predicted_type": "gland_2",
        "species_pair": "FL-SP",
        "confidence": 0.011204481792717087,
        "features": [
          4,
          0.011204481792717087,
          4
        ],
        "enhanced_confidence": 0.06927503542209423
      },
      {
        "predicted_type": "neuron_9",
        "species_pair": "FL-SP",
        "confidence": 0.011204481792717087,
        "features": [
          4,
          0.011204481792717087,
          4
        ],
        "enhanced_confidence": 0.06927503542209423
      },
      {
        "predicted_type": "epidermis_2",
        "species_pair": "PD-SP",
        "confidence": 0.011204481792717087,
        "features": [
          4,
          0.011204481792717087,
          4
        ],
        "enhanced_confidence": 0.06927503542209423
      },
      {
        "predicted_type": "gland_9",
        "species_pair": "PD-SP",
        "confidence": 0.011204481792717087,
        "features": [
          4,
          0.011204481792717087,
          4
        ],
        "enhanced_confidence": 0.06927503542209423
      },
      {
        "predicted_type": "neuron_4",
        "species_pair": "PD-SP",
        "confidence": 0.011204481792717087,
        "features": [
          4,
          0.011204481792717087,
          4
        ],
        "enhanced_confidence": 0.06927503542209423
      },
      {
        "predicted_type": "digestive_filaments",
        "species_pair": "PV-SP",
        "confidence": 0.011204481792717087,
        "features": [
          4,
          0.011204481792717087,
          4
        ],
        "enhanced_confidence": 0.06927503542209423
      },
      {
        "predicted_type": "gland_1",
        "species_pair": "PV-SP",
        "confidence": 0.011204481792717087,
        "features": [
          4,
          0.011204481792717087,
          4
        ],
        "enhanced_confidence": 0.06927503542209423
      },
      {
        "predicted_type": "immune_1",
        "species_pair": "PV-SP",
        "confidence": 0.011204481792717087,
        "features": [
          4,
          0.011204481792717087,
          4
        ],
        "enhanced_confidence": 0.06927503542209423
      },
      {
        "predicted_type": "mitotic_host_cells",
        "species_pair": "PV-SP",
        "confidence": 0.011204481792717087,
        "features": [
          4,
          0.011204481792717087,
          4
        ],
        "enhanced_confidence": 0.06927503542209423
      },
      {
        "predicted_type": "germline_sperm",
        "species_pair": "FL-SP",
        "confidence": 0.01680672268907563,
        "features": [
          6,
          0.01680672268907563,
          6
        ],
        "enhanced_confidence": 0.06849503356121002
      },
      {
        "predicted_type": "gland_3_digestive",
        "species_pair": "FL-SP",
        "confidence": 0.01680672268907563,
        "features": [
          6,
          0.01680672268907563,
          6
        ],
        "enhanced_confidence": 0.06849503356121002
      },
      {
        "predicted_type": "gland_5",
        "species_pair": "FL-SP",
        "confidence": 0.01680672268907563,
        "features": [
          6,
          0.01680672268907563,
          6
        ],
        "enhanced_confidence": 0.06849503356121002
      },
      {
        "predicted_type": "gastrodermis_musclelike",
        "species_pair": "PD-SP",
        "confidence": 0.01680672268907563,
        "features": [
          6,
          0.01680672268907563,
          6
        ],
        "enhanced_confidence": 0.06849503356121002
      },
      {
        "predicted_type": "neuron_1",
        "species_pair": "PV-SP",
        "confidence": 0.01680672268907563,
        "features": [
          6,
          0.01680672268907563,
          6
        ],
        "enhanced_confidence": 0.06849503356121002
      },
      {
        "predicted_type": "neuron_11",
        "species_pair": "PV-SP",
        "confidence": 0.01680672268907563,
        "features": [
          6,
          0.01680672268907563,
          6
        ],
        "enhanced_confidence": 0.06849503356121002
      },
      {
        "predicted_type": "neuron_4",
        "species_pair": "PV-SP",
        "confidence": 0.01680672268907563,
        "features": [
          6,
          0.01680672268907563,
          6
        ],
        "enhanced_confidence": 0.06849503356121002
      },
      {
        "predicted_type": "neuron_8",
        "species_pair": "PV-SP",
        "confidence": 0.01680672268907563,
        "features": [
          6,
          0.01680672268907563,
          6
        ],
        "enhanced_confidence": 0.06849503356121002
      },
      {
        "predicted_type": "epidermis_2",
        "species_pair": "SP-SP",
        "confidence": 0.01680672268907563,
        "features": [
          6,
          0.01680672268907563,
          6
        ],
        "enhanced_confidence": 0.06849503356121002
      }
    ]
  }
}